cg03973866,13703412,rs34365458,13702932
cg10861751,14611447,rs1339363,14611210
cg03409548,14655417,rs820628,14655711
cg16034168,14769317,rs75252943,14768858
cg09074856,14772474,rs34533856,14771995
cg17873998,16660373,rs12078435,16659951
cg15103675,17663304,rs1635591,17663629
cg24685006,18773350,rs2946532,18772970
cg05655011,19672502,rs11582582,19672998
cg14217558,23771378,rs55964453,23771336
cg20741134,24719510,rs501748,24720002
cg17820022,26692359,rs4354529,26692049
cg17033499,28684335,rs9662425,28684219
cg03935244,28756326,rs77745539,28755849
cg15577822,29641508,rs35918836,29641864
cg17091049,30619508,rs10799080,30619204
cg08641866,37674432,rs215841,37674766
cg06319713,41711350,rs12130655,41711338
cg27578760,42708414,rs343389,42708851
cg16681083,42778336,rs1966213,42778723
cg02956460,45700468,rs78009310,45700242
cg26256263,46618448,rs146203180,46618458
cg24591770,50669423,rs4926846,50669369
cg23952578,55677461,rs114261678,55677525
cg18856478,55682448,rs12401534,55682081
cg17026072,56647346,rs74910985,56647558
cg12462858,56766358,rs1417772,56766625
cg22797031,57762497,rs76540545,57762307
cg24006721,60724438,rs11207586,60724733
cg03754582,61647301,rs12091215,61647102
cg05940691,63628495,rs6658397,63628903
cg07576219,66601476,rs2503173,66601410
cg10893986,66666410,rs78367536,66666415
cg05969021,67781393,rs2066446,67781116
cg27582017,69682347,rs72938399,69682038
cg26019498,71607393,rs75813175,71607529
cg18131141,72763497,rs113258216,72763323
cg24743778,12729496,rs9287747,12729768
cg24827562,13672315,rs76959215,13672296
cg05360371,14614456,rs10182537,14614524
cg07974511,16632445,rs10185113,16632750
cg13821008,16808479,rs6729677,16808371
cg23069877,19622441,rs13002607,19622916
cg08390877,22614433,rs1509358,22614224
cg26994225,22660329,rs60598088,22659928
cg01048749,26708430,rs115227206,26708056
cg19954537,29717392,rs55926548,29717066
cg02112608,29791334,rs67551105,29791278
cg06833110,30736415,rs4951991,30736741
cg12160850,34771329,rs112633680,34771476
cg13832669,36642337,rs10184816,36642025
cg03449108,40707497,rs116476375,40707702
cg18519450,40795390,rs12469907,40795130
cg21597595,41786359,rs112143383,41786541
cg02517473,42613320,rs113279629,42613323
cg11536474,43622350,rs10166376,43622471
cg13053653,43804375,rs13021894,43804228
cg02783887,48745353,rs4641991,48745735
cg25942990,52603509,rs75288808,52603447
cg00259584,53703312,rs1318578,53703154
cg05142617,54648448,rs10200727,54648717
cg08138685,57706432,rs1914756,57706531
cg08402365,57794479,rs28695681,57794229
cg25223552,60809483,rs370722859,60809020
cg23949574,61783319,rs778761,61782898
cg21789510,63633412,rs1966112,63633735
cg22386389,63763329,rs11693636,63763540
cg20679271,65725365,rs74908268,65725693
cg01129641,65794442,rs7559188,65794851
cg06900650,66648357,rs12471420,66648457
cg10515731,67666366,rs6709141,67666658
cg18878441,70736320,rs454305,70736218
cg16276063,10675334,rs73811972,10675105
cg17339956,10717350,rs1836289,10716995
cg20106776,11620450,rs11712666,11619957
cg06590946,13765496,rs2974384,13765390
cg00106685,13781400,rs9310430,13781681
cg20743134,15608400,rs112181655,15608347
cg19091784,17624488,rs9968236,17624985
cg18148179,20632356,rs9833316,20632264
cg07135614,21622343,rs185033605,21622300
cg20517764,21763470,rs13314718,21763811
cg06600444,22677484,rs34726607,22677178
cg13730859,24602369,rs9310745,24601910
cg04948892,25616378,rs55801354,25616251
cg03387092,29656467,rs7647230,29656686
cg15106134,30651433,rs6798752,30651545
cg17246404,33775311,rs112009136,33775019
cg12843448,36708374,rs28587472,36708383
cg21755440,41764485,rs59871868,41764158
cg04397547,42613480,rs2136012,42613277
cg21527078,42730477,rs339701,42730647
cg07736012,43765334,rs1468601,43764967
cg04894169,46717472,rs4683269,46717491
cg03783410,47618424,rs61732079,47618824
cg01005486,49765459,rs2307021,49765482
cg16768018,50604305,rs55852678,50604683
cg22256631,50724361,rs6446209,50723958
cg23231268,52636404,rs57757646,52636807
cg08062338,52739303,rs8906,52739519
cg00892742,55664302,rs7615339,55664448
cg18337363,55671484,rs9852175,55671042
cg24782772,55698443,rs11705985,55698175
cg04539418,56799419,rs77425500,56798946
cg02213103,57713369,rs7609911,57713359
cg19258425,62668413,rs1395444,62668328
cg13294849,64710306,rs13060013,64710708
cg14750948,65625466,rs4369976,65625475
cg07403865,65765328,rs264114,65765280
cg00195796,65809490,rs4688248,65809215
cg12393503,66687416,rs146983397,66687321
cg23550947,68721481,rs76361879,68721849
cg24504954,69760378,rs12491686,69760189
cg10506618,70600392,rs71298345,70600379
cg02573703,73660490,rs4677314,73660068
cg12293340,11638403,rs1860293,11637942
cg24522384,11704479,rs6448813,11704438
cg03463729,13667334,rs148323849,13667309
cg09796800,15605429,rs28778886,15604955
cg07808087,17712384,rs13131947,17712783
cg05752653,20644499,rs34354707,20644381
cg00614959,22666415,rs6841197,22666054
cg20106601,22789429,rs61794902,22788995
cg00292701,23737498,rs13120568,23737796
cg15092343,24699391,rs6814308,24699187
cg03099832,27687312,rs445891,27687041
cg08206098,29625353,rs16882014,29625597
cg15646359,29649329,rs16882044,29649571
cg06758191,30630472,rs767478,30630381
cg10818901,35660435,rs6818776,35660015
cg10852876,36715455,rs564328509,36715812
cg27251155,37707300,rs13115041,37707374
cg15063695,39657492,rs10856848,39657291
cg19563433,41801493,rs1898886,41801818
cg10128806,42727504,rs2575566,42727693
cg21097698,58793318,rs1480303,58792892
cg09190824,61750366,rs62313282,61750402
cg07080556,62735369,rs6822962,62735585
cg03872804,65667376,rs141162049,65667150
cg13078134,65732359,rs10025506,65731864
cg09921821,67713363,rs1495113,67713014
cg26010218,73785400,rs9647419,73785724
cg16653901,23808414,rs11738030,23808435
cg04305319,24717440,rs751110,24717043
cg05141014,25782414,rs2928269,25782550
cg05839875,26631401,rs73063941,26631207
cg11552829,26688311,rs17791886,26688051
cg24698211,27643334,rs9688278,27643022
cg07485723,30687452,rs76558154,30687193
cg11087755,33799356,rs2032878,33799698
cg22913584,34775347,rs164309,34775715
cg18701481,41768364,rs10038001,41768116
cg07274716,43626347,rs116710374,43626791
cg04541368,43752371,rs35842681,43752053
cg23194776,49703318,rs7712849,49703607
cg21230774,53660305,rs2194235,53659957
cg26783481,58743478,rs73760305,58743500
cg07848310,62605492,rs72760756,62605605
cg21131054,64724392,rs10940033,64724255
cg21545862,65631316,rs28575626,65631172
cg03204906,73685438,rs10454913,73685102
cg06276084,11702432,rs7750635,11701972
cg03500965,15802444,rs6914658,15802465
cg06047130,17694404,rs12333111,17694841
cg17959970,18644397,rs4052790,18644654
cg02956248,18652488,rs80003437,18652817
cg06025456,19714463,rs73729713,19714803
cg26864905,21735309,rs12528487,21735353
cg17279592,22620406,rs190229320,22620527
cg10666224,24732399,rs12210369,24732436
cg00391945,25674469,rs7755903,25674918
cg24504194,27661477,rs67478198,27661125
cg18235835,28608387,rs34470113,28607994
cg09114581,28798321,rs9357073,28798609
cg01923549,30667507,rs150016503,30667350
cg08887400,30695318,rs76451048,30695135
cg03181300,32633481,rs28746832,32633815
cg07184578,33730302,rs1887340,33730094
cg20463403,34672469,rs147337606,34672008
cg06010667,35692322,rs9462106,35692641
cg09081892,41632429,rs2395784,41632873
cg23359665,41706430,rs372966315,41705966
cg13934406,41757356,rs8393,41757835
cg23055552,41795459,rs12192677,41795330
cg05664039,42804414,rs150968104,42804826
cg27176628,43634447,rs112997299,43634723
cg00500167,48659396,rs200756226,48659874
cg14625425,48731481,rs77264283,48731124
cg26725201,49620379,rs13194498,49620572
cg25007487,50642441,rs78212069,50642375
cg11515873,51751343,rs7765493,51751334
cg26393261,54747421,rs56667985,54747600
cg09059466,62762406,rs9354587,62762755
cg27475365,62769372,rs72884495,62768874
cg10439246,65623462,rs79482367,65623180
cg03475293,65703412,rs28583858,65703090
cg09622691,66781383,rs6934707,66781279
cg24520538,67608349,rs6455164,67608249
cg12883279,68661402,rs9363830,68661363
cg09996902,69803464,rs6913677,69803461
cg13647536,10777340,rs4720897,10777086
cg23091699,14707464,rs7801612,14707724
cg03914913,15788393,rs37423,15788240
cg01082798,18642503,rs2157847,18642018
cg01640506,20656383,rs7809674,20656053
cg05898482,29638451,rs7782330,29638433
cg00241650,30727415,rs255098,30727326
cg14155567,30765455,rs255158,30765052
cg07738938,31660324,rs38343,31660041
cg02593098,31727499,rs34161,31727748
cg20269046,33757366,rs6943676,33756994
cg17390350,35744504,rs17171719,35744470
cg17052310,40672377,rs11977013,40672688
cg24540732,44711457,rs9969123,44711677
cg08627377,45607451,rs74504498,45607609
cg05711445,45624325,rs7456393,45624448
cg01386335,47639407,rs76547138,47639703
cg05057910,50625316,rs2329342,50624970
cg14840782,51631451,rs10266155,51631275
cg13788918,52675305,rs28495645,52675023
cg27101452,52675494,rs79710684,52675971
cg17543469,54743431,rs642018,54743609
cg12855247,55659337,rs67579125,55659263
cg03232620,56772434,rs2002214,56772747
cg10063233,67795423,rs3113068,67795864
cg09613507,70629394,rs1014092,70629586
cg16100845,15625322,rs2721230,15624842
cg26763284,26764454,rs1600790,26764946
cg11692435,27687393,rs12335133,27687605
cg06045337,30693334,rs2720597,30693015
cg09265054,31742411,rs76778267,31742754
cg14551938,32810451,rs11997835,32810636
cg07472191,40748310,rs28650143,40748093
cg10007002,43684404,rs10958778,43683985
cg09946832,47620329,rs7013842,47620719
cg27626141,47633493,rs11778610,47633424
cg02185053,49640424,rs73678188,49639944
cg06285312,51735444,rs13257006,51735917
cg08274876,51809402,rs16915583,51809094
cg02903822,58760435,rs10104466,58760143
cg07861448,64661397,rs7834364,64661526
cg14938514,64705392,rs16930666,64705757
cg19021985,68622395,rs58967460,68622504
cg23982568,72665381,rs4132899,72665385
cg14654324,27802313,rs10968117,27802429
cg21215550,31675388,rs7864110,31675253
cg15083233,37757309,rs7874198,37756832
cg13867669,74621416,rs12682751,74621567
cg14015656,74622411,rs10120981,74622852
cg14083800,11746384,rs56309919,11746273
cg07128799,12764356,rs58429204,12764369
cg16828585,13766343,rs2015015,13766691
cg10331073,16738344,rs10904792,16738161
cg17320707,18699395,rs7075571,18699403
cg16234557,19770467,rs3852459,19770715
cg25888386,22788500,rs57074189,22788159
cg19546792,27738377,rs115699275,27738380
cg02939598,44691372,rs1627329,44691632
cg25139229,45695465,rs6593463,45695627
cg18561589,49652382,rs7089077,49652372
cg24933115,55754415,rs2253790,55754258
cg04426802,60716463,rs282666,60716074
cg18093771,66795352,rs6480025,66794877
cg15526081,67666482,rs10740214,67666581
cg16936421,71731399,rs71480625,71731128
cg18085627,10706374,rs11042918,10706800
cg09555414,11715501,rs7950263,11715554
cg00061629,11743340,rs73421660,11743453
cg12036817,12623343,rs12226830,12623197
cg09304136,12767328,rs61612229,12767016
cg27452185,15661439,rs116062928,15661504
cg26503877,19643403,rs11025200,19643027
cg14088196,20630364,rs4923387,20630384
cg12641569,20633426,rs77593740,20633056
cg25574765,21601356,rs1945563,21601429
cg11588197,24681465,rs3923615,24681531
cg19811337,31680450,rs6484525,31680754
cg05403469,32794450,rs115981114,32794213
cg10925417,37758463,rs1515038,37758392
cg06419846,40649319,rs61886761,40648825
cg10817615,42624385,rs10742634,42623992
cg19160040,45753356,rs78988410,45753561
cg13705616,50632304,rs1895000,50632117
cg23053918,58694423,rs57549228,58694746
cg26272058,61706398,rs4963277,61706337
cg03711944,64727509,rs17146508,64727086
cg04021962,69618508,rs74465038,69618152
cg02513449,73772434,rs4537786,73772772
cg02675260,74771348,rs11600328,74771375
cg19657723,11642360,rs11054318,11642575
cg06830450,11698358,rs7960374,11698085
cg25721452,13728401,rs990824,13727940
cg26695123,14640346,rs11055996,14640476
cg04105511,14717414,rs17405109,14717402
cg08072862,18681311,rs7315933,18680868
cg22933161,20617357,rs80016165,20617383
cg15235614,22795329,rs73080480,22795031
cg00723994,23621320,rs141187355,23621035
cg08425810,28630383,rs150571910,28630547
cg04704531,33661310,rs149781750,33661223
cg17509039,39743395,rs61374155,39742950
cg14430937,43622431,rs11181953,43621997
cg19540943,46810303,rs13377959,46810540
cg00012529,49790414,rs79945474,49790895
cg15476885,51636447,rs1130598,51636903
cg20323175,52715355,rs1540094,52715814
cg05770241,56788442,rs143157509,56788116
cg03078269,58797503,rs11172590,58797029
cg06928346,67727300,rs1184743,67726935
cg14691529,67736490,rs1500431,67736912
cg02543772,70635313,rs11178156,70635746
cg02520593,74763484,rs12824952,74763669
cg19937061,31777487,rs9805861,31777536
cg14710025,33736325,rs9568962,33736050
cg24515054,33789321,rs7327456,33789144
cg10527300,44634466,rs7322539,44634263
cg08426940,54717380,rs2576136,54717554
cg18973457,56791418,rs115120479,56791117
cg07804973,57758408,rs4884278,57758184
cg13686648,58653502,rs9537938,58653694
cg16928293,65641503,rs9528887,65641440
cg14699932,73742414,rs560391629,73742044
cg26070281,24661447,rs2281704,24661705
cg18844144,39728405,rs11621264,39728207
cg01987417,46803329,rs2415955,46803674
cg04180929,50706311,rs2180249,50705905
cg15403660,53621418,rs996264,53621206
cg07023532,55757313,rs67386901,55757363
cg02719245,56692500,rs3783674,56692317
cg26175287,56734374,rs71414112,56734315
cg10117831,56758433,rs117658249,56758354
cg15443535,57788406,rs76213068,57788180
cg09988663,58602398,rs8013760,58601911
cg12060499,63669432,rs1957779,63669646
cg16425038,72783342,rs146099570,72783299
cg19901523,73650344,rs55657666,73649865
cg22365276,20771386,rs554118666,20771608
cg05913925,28696486,rs199983538,28696379
cg05346688,33649417,rs11072413,33649096
cg24211976,36666358,rs73384840,36666736
cg15902390,40710403,rs2075624,40710722
cg23068558,49741395,rs74012379,49741776
cg09498379,70666497,rs11072161,70666281
cg26708220,74775318,rs75953598,74775683
cg06925882,10610368,rs4780932,10610796
cg02218809,11633380,rs12596176,11633745
cg06797385,12740408,rs1713487,12740669
cg16729538,13664428,rs8056758,13664897
cg04311557,13742414,rs35807965,13742303
cg06984848,14732326,rs8057764,14732177
cg03847052,17745305,rs13336156,17744886
cg08347500,19680349,rs2354582,19680035
cg09611472,22791343,rs7191822,22791671
cg04821387,26669439,rs111689221,26669615
cg09854734,29641478,rs57883741,29641720
cg00767000,31664403,rs56247978,31664269
cg02519504,31701403,rs9831777,31701275
cg06552563,33727398,rs140640451,33727184
cg09201525,49789499,rs6500252,49789854
cg01834160,51754357,rs78025473,51753988
cg16665866,53766316,rs7197110,53765960
cg04742550,53784378,rs142908700,53784520
cg01295631,58668397,rs149428,58668565
cg07762788,58784473,rs1646280,58784323
cg27513886,59787507,rs74020084,59787727
cg01544903,65737423,rs7186160,65737242
cg09851951,71797445,rs8052152,71796990
cg00525828,73696304,rs60022731,73695871
cg11310756,13723336,rs9890134,13723364
cg15189997,18800507,rs4924940,18800091
cg13484608,20602304,rs8065015,20602148
cg15082751,20740503,rs2958460,20740630
cg17189020,28801305,rs6505189,28801075
cg08880849,31601315,rs1874601,31601538
cg00034650,31604367,rs12600930,31603908
cg17129028,32683352,rs3136676,32683288
cg15936999,36704481,rs78891234,36704411
cg06436663,36732300,rs59844294,36732566
cg04832268,41686302,rs113332051,41685837
cg01449704,41779357,rs139973896,41779448
cg15670680,41806401,rs6503473,41806150
cg06475633,43770382,rs7207373,43770711
cg05395061,52632382,rs1346670,52632486
cg13341982,57618463,rs9893638,57618150
cg02491199,57627503,rs12325879,57627785
cg03363567,58741311,rs73990937,58741271
cg25616160,61732345,rs73337598,61732575
cg18229049,63775451,rs10083837,63775310
cg11525047,73634384,rs820201,73634686
cg07135478,73701364,rs820231,73701097
cg17552357,74605461,rs2532434,74605196
cg16317961,13600420,rs55826442,13600236
cg17104099,18644467,rs11877741,18644774
cg24684816,24635341,rs113385411,24634877
cg19022006,25657302,rs17446316,25657625
cg17242353,31752308,rs9956360,31751984
cg11862144,49673343,rs12969976,49673150
cg05678191,53648493,rs2588473,53648076
cg00381974,71768441,rs150948933,71768011
cg15487992,11672338,rs543765665,11672610
cg22079102,13600402,rs13346252,13600314
cg11369662,15801300,rs4109350,15800920
cg19008720,17767361,rs34752754,17766899
cg22022973,19669309,rs8109618,19668915
cg20735914,20606403,rs35244568,20606656
cg14895945,22790371,rs2306964,22790858
cg21002957,27765441,rs146869518,27765930
cg26918756,29779320,rs114377659,29779675
cg02384543,38675345,rs139108933,38675692
cg09325679,38727324,rs4803899,38727639
cg00522555,40612322,rs62110063,40612001
cg10204707,43643350,rs2078350,43643377
cg05639624,44778471,rs1233428,44778404
cg01382281,48721327,rs1064791,48721468
cg27029238,50746365,rs149624280,50746640
cg12176815,52626455,rs11084145,52626711
cg08846870,52782324,rs28852381,52781861
cg08337835,59629411,rs7268601,59629171
