rs34365458,0.685304,AC
rs1339363,0.608427,AC
rs820628,0.803315,GC
rs34533856,0.805511,CT
rs12078435,0.881356,GA
rs1635591,0.585663,TA
rs2946532,0.595647,TA
rs501748,0.744609,AG
rs4354529,0.891973,AG
rs9662425,0.731030,CT
rs10799080,0.745807,CT
rs343389,0.711661,TC
rs1966213,0.676118,GA
rs78009310,0.898363,AG
rs4926846,0.878994,TC
rs12401534,0.885982,CT
rs1417772,0.644369,CT
rs11207586,0.787540,GA
rs12091215,0.765176,AG
rs6658397,0.700679,TA
rs2503173,0.520567,GA
rs78367536,0.502995,AG
rs2066446,0.763379,AC
rs9287747,0.802117,TC
rs10182537,0.595647,CG
rs10185113,0.583866,AG
rs6729677,0.559904,AG
rs13002607,0.563898,AG
rs1509358,0.768970,CA
rs55926548,0.806909,GC
rs4951991,0.835663,GA
rs10184816,0.700679,AG
rs12469907,0.843450,TC
rs113279629,0.603634,CA
rs10166376,0.892372,CT
rs13021894,0.666020,TC
rs4641991,0.753195,GA
rs1318578,0.735623,CA
rs10200727,0.556110,TA
rs1914756,0.707268,TA
rs778761,0.835463,CA
rs1966112,0.625998,TA
rs7559188,0.553514,CT
rs454305,0.566294,AG
rs1836289,0.841254,CA
rs11712666,0.753195,GA
rs2974384,0.544928,AC
rs9310430,0.738618,AG
rs112181655,0.865216,TC
rs9833316,0.733427,AG
rs185033605,0.887181,AG
rs13314718,0.579473,TC
rs34726607,0.829073,AT
rs9310745,0.708666,CT
rs55801354,0.837859,GA
rs7647230,0.672724,AG
rs112009136,0.738019,GA
rs28587472,0.801917,AT
rs2136012,0.542532,TA
rs339701,0.827077,CG
rs1468601,0.860423,AG
rs4683269,0.699281,CG
rs2307021,0.790535,CG
rs8906,0.695288,TC
rs7615339,0.577676,GA
rs9852175,0.717452,TG
rs11705985,0.524561,TC
rs7609911,0.532348,AC
rs1395444,0.831070,TG
rs13060013,0.760982,CA
rs4369976,0.852436,AG
rs264114,0.639577,AG
rs4688248,0.501797,CA
rs12491686,0.645367,AG
rs71298345,0.890974,TC
rs4677314,0.587460,AG
rs1860293,0.543331,GA
rs6448813,0.508387,GA
rs13131947,0.637979,TC
rs34354707,0.722644,CG
rs61794902,0.880391,TC
rs13120568,0.604034,AG
rs6814308,0.513379,AG
rs445891,0.781749,TA
rs16882044,0.709265,CT
rs767478,0.772165,GA
rs6818776,0.737420,AC
rs13115041,0.566893,CT
rs10856848,0.627196,CT
rs1898886,0.563299,CA
rs2575566,0.778155,AG
rs1480303,0.700679,AG
rs1495113,0.782149,CG
rs11738030,0.872005,GT
rs751110,0.653954,GA
rs2928269,0.588095,TC
rs17791886,0.864018,TG
rs2032878,0.828474,TG
rs164309,0.549720,CA
rs35842681,0.864816,GA
rs7712849,0.570487,GC
rs2194235,0.606430,GA
rs72760756,0.791933,CT
rs10940033,0.798922,TA
rs28575626,0.733826,CG
rs10454913,0.541933,GT
rs7750635,0.669529,CT
rs6914658,0.548522,CT
rs4052790,0.737220,TC
rs12528487,0.828075,AG
rs190229320,0.771965,TC
rs7755903,0.528954,AG
rs67478198,0.648762,CT
rs34470113,0.853235,CT
rs9357073,0.625200,TC
rs28746832,0.513379,CG
rs1887340,0.717851,CT
rs2395784,0.761382,TC
rs372966315,0.781949,TC
rs8393,0.605631,CG
rs12192677,0.791334,GA
rs13194498,0.781550,TC
rs7765493,0.538538,GA
rs56667985,0.883786,AG
rs9354587,0.680312,CT
rs72884495,0.797324,CT
rs6934707,0.815296,TA
rs6455164,0.787340,TA
rs6913677,0.553315,GA
rs4720897,0.527756,TC
rs7801612,0.854034,GA
rs37423,0.655152,GA
rs2157847,0.883986,GA
rs7809674,0.691693,GA
rs255098,0.603834,GA
rs255158,0.571685,GC
rs38343,0.811502,CG
rs34161,0.559704,AG
rs6943676,0.780152,CG
rs17171719,0.806510,TC
rs11977013,0.745208,TC
rs9969123,0.768570,AT
rs7456393,0.500998,GA
rs2329342,0.653954,GA
rs10266155,0.804513,AC
rs28495645,0.894968,CT
rs642018,0.642173,AC
rs67579125,0.814497,TC
rs2002214,0.716653,CA
rs3113068,0.601238,CT
rs1014092,0.808107,AT
rs2721230,0.622005,AG
rs1600790,0.535543,AC
rs12335133,0.776158,AG
rs2720597,0.603235,GC
rs28650143,0.865815,CT
rs10958778,0.735423,CT
rs11778610,0.527756,GA
rs13257006,0.528554,GA
rs16915583,0.567692,TC
rs10104466,0.652157,CT
rs7834364,0.849441,GA
rs16930666,0.691494,CT
rs58967460,0.661941,TC
rs4132899,0.605831,AC
rs10968117,0.752196,TC
rs7864110,0.619209,TC
rs7874198,0.837859,AG
rs12682751,0.880990,CT
rs10120981,0.647963,GA
rs56309919,0.683506,CG
rs2015015,0.610823,GA
rs10904792,0.553714,CG
rs7075571,0.765974,GC
rs57074189,0.866414,CT
rs1627329,0.646765,TC
rs6593463,0.537340,GA
rs7089077,0.880391,GA
rs2253790,0.528954,GT
rs6480025,0.720048,GC
rs10740214,0.513778,AG
rs71480625,0.852037,CT
rs11042918,0.616414,AC
rs12226830,0.668730,TG
rs11025200,0.644369,GA
rs4923387,0.889976,CT
rs1945563,0.645168,TC
rs3923615,0.500399,GA
rs1515038,0.737819,AG
rs61886761,0.602236,CA
rs10742634,0.555911,GA
rs1895000,0.573882,GA
rs4963277,0.585463,CT
rs4537786,0.820088,TC
rs11600328,0.724641,GT
rs11054318,0.867412,TC
rs7960374,0.748003,CG
rs990824,0.831470,AG
rs11055996,0.687899,TC
rs17405109,0.815296,AC
rs80016165,0.852436,AC
rs150571910,0.843650,GA
rs11181953,0.606230,GA
rs13377959,0.882388,CT
rs1130598,0.539936,GC
rs1540094,0.672724,AT
rs11172590,0.670128,GA
rs1184743,0.536342,AT
rs1500431,0.587260,GA
rs11178156,0.550319,AG
rs12824952,0.841054,GA
rs9805861,0.675919,AG
rs9568962,0.726238,TA
rs7327456,0.789337,CT
rs2576136,0.875998,GA
rs4884278,0.526158,GT
rs9537938,0.580272,GA
rs9528887,0.895567,CT
rs2281704,0.729034,TA
rs11621264,0.703474,AG
rs2415955,0.609824,CT
rs2180249,0.659145,GA
rs996264,0.750200,GC
rs67386901,0.724042,CT
rs3783674,0.622005,AG
rs71414112,0.792133,CG
rs8013760,0.806110,CT
rs1957779,0.502995,AC
rs11072413,0.823882,GA
rs73384840,0.884784,GA
rs2075624,0.642173,GA
rs11072161,0.506589,AG
rs4780932,0.541733,CG
rs12596176,0.590455,GA
rs1713487,0.530551,CG
rs8056758,0.883387,CT
rs35807965,0.723043,CT
rs2354582,0.588259,TC
rs7191822,0.546526,GA
rs57883741,0.673722,GA
rs9831777,0.526957,TA
rs6500252,0.544529,GA
rs78025473,0.870008,CA
rs7197110,0.766573,TA
rs149428,0.822883,GA
rs1646280,0.679912,GA
rs7186160,0.577676,TC
rs60022731,0.897963,GT
rs9890134,0.685903,GA
rs4924940,0.535942,TC
rs8065015,0.888379,CT
rs2958460,0.503994,CA
rs6505189,0.678714,AG
rs1874601,0.606829,AC
rs12600930,0.831869,GA
rs3136676,0.896765,AG
rs78891234,0.888978,CT
rs7207373,0.738019,CT
rs1346670,0.829473,GC
rs9893638,0.565695,TC
rs12325879,0.630192,TC
rs73337598,0.698283,TC
rs10083837,0.598043,CG
rs820201,0.624401,GA
rs2532434,0.582069,CA
rs17446316,0.669529,AG
rs9956360,0.529353,CG
rs543765665,0.894369,CT
rs13346252,0.615815,CG
rs4109350,0.764976,GC
rs34752754,0.641780,CT
rs8109618,0.702676,GA
rs35244568,0.563698,TC
rs2306964,0.631390,AG
rs4803899,0.705671,AT
rs2078350,0.762580,AT
rs1233428,0.714771,AC
rs1064791,0.620008,TA
rs11084145,0.836462,GA
rs28852381,0.851438,GA
rs7268601,0.596845,TA
