cg03973866,13703412,rs34365458,13702932,0.685304,A,C
cg10861751,14611447,rs1339363,14611210,0.608427,A,C
cg03409548,14655417,rs820628,14655711,0.803315,G,C
cg16034168,14769317,rs75252943,14768858,0.972644,G,A
cg09074856,14772474,rs34533856,14771995,0.805511,C,T
cg17873998,16660373,rs12078435,16659951,0.881356,G,A
cg15103675,17663304,rs1635591,17663629,0.585663,T,A
cg24685006,18773350,rs2946532,18772970,0.595647,T,A
cg05655011,19672502,rs11582582,19672998,0.948882,A,T
cg14217558,23771378,rs55964453,23771336,0.939696,G,A
cg20741134,24719510,rs501748,24720002,0.744609,A,G
cg17820022,26692359,rs4354529,26692049,0.891973,A,G
cg17033499,28684335,rs9662425,28684219,0.731030,C,T
cg03935244,28756326,rs77745539,28755849,0.969848,T,C
cg15577822,29641508,rs35918836,29641864,0.908914,G,A
cg17091049,30619508,rs10799080,30619204,0.745807,C,T
cg08641866,37674432,rs215841,37674766,0.972222,A,G
cg06319713,41711350,rs12130655,41711338,0.908746,T,C
cg27578760,42708414,rs343389,42708851,0.711661,T,C
cg16681083,42778336,rs1966213,42778723,0.676118,G,A
cg02956460,45700468,rs78009310,45700242,0.898363,A,G
cg26256263,46618448,rs146203180,46618458,0.965655,T,C
cg24591770,50669423,rs4926846,50669369,0.878994,T,C
cg23952578,55677461,rs114261678,55677525,0.986821,A,G
cg18856478,55682448,rs12401534,55682081,0.885982,C,T
cg17026072,56647346,rs74910985,56647558,0.918730,C,T
cg12462858,56766358,rs1417772,56766625,0.644369,C,T
cg22797031,57762497,rs76540545,57762307,0.940895,T,C
cg24006721,60724438,rs11207586,60724733,0.787540,G,A
cg03754582,61647301,rs12091215,61647102,0.765176,A,G
cg05940691,63628495,rs6658397,63628903,0.700679,T,A
cg07576219,66601476,rs2503173,66601410,0.520567,G,A
cg10893986,66666410,rs78367536,66666415,0.502995,A,G
cg05969021,67781393,rs2066446,67781116,0.763379,A,C
cg27582017,69682347,rs72938399,69682038,0.901358,G,A
cg26019498,71607393,rs75813175,71607529,0.988219,G,C
cg18131141,72763497,rs113258216,72763323,0.983427,C,T
cg24743778,12729496,rs9287747,12729768,0.802117,T,C
cg24827562,13672315,rs76959215,13672296,0.924920,A,G
cg05360371,14614456,rs10182537,14614524,0.595647,C,G
cg07974511,16632445,rs10185113,16632750,0.583866,A,G
cg13821008,16808479,rs6729677,16808371,0.559904,A,G
cg23069877,19622441,rs13002607,19622916,0.563898,A,G
cg08390877,22614433,rs1509358,22614224,0.768970,C,A
cg26994225,22660329,rs60598088,22659928,0.960264,G,C
cg01048749,26708430,rs115227206,26708056,0.987620,G,A
cg19954537,29717392,rs55926548,29717066,0.806909,G,C
cg02112608,29791334,rs67551105,29791278,0.939097,G,A
cg06833110,30736415,rs4951991,30736741,0.835663,G,A
cg12160850,34771329,rs112633680,34771476,0.966254,G,T
cg13832669,36642337,rs10184816,36642025,0.700679,A,G
cg03449108,40707497,rs116476375,40707702,0.949081,T,C
cg18519450,40795390,rs12469907,40795130,0.843450,T,C
cg21597595,41786359,rs112143383,41786541,0.930911,T,A
cg02517473,42613320,rs113279629,42613323,0.603634,C,A
cg11536474,43622350,rs10166376,43622471,0.892372,C,T
cg13053653,43804375,rs13021894,43804228,0.666020,T,C
cg02783887,48745353,rs4641991,48745735,0.753195,G,A
cg25942990,52603509,rs75288808,52603447,0.977636,T,C
cg00259584,53703312,rs1318578,53703154,0.735623,C,A
cg05142617,54648448,rs10200727,54648717,0.556110,T,A
cg08138685,57706432,rs1914756,57706531,0.707268,T,A
cg08402365,57794479,rs28695681,57794229,0.913938,T,A
cg25223552,60809483,rs370722859,60809020,0.986821,G,A
cg23949574,61783319,rs778761,61782898,0.835463,C,A
cg21789510,63633412,rs1966112,63633735,0.625998,T,A
cg22386389,63763329,rs11693636,63763540,0.914936,A,C
cg20679271,65725365,rs74908268,65725693,0.983626,A,G
cg01129641,65794442,rs7559188,65794851,0.553514,C,T
cg06900650,66648357,rs12471420,66648457,0.980232,C,T
cg10515731,67666366,rs6709141,67666658,0.983027,G,A
cg18878441,70736320,rs454305,70736218,0.566294,A,G
cg16276063,10675334,rs73811972,10675105,0.949880,C,T
cg17339956,10717350,rs1836289,10716995,0.841254,C,A
cg20106776,11620450,rs11712666,11619957,0.753195,G,A
cg06590946,13765496,rs2974384,13765390,0.544928,A,C
cg00106685,13781400,rs9310430,13781681,0.738618,A,G
cg20743134,15608400,rs112181655,15608347,0.865216,T,C
cg19091784,17624488,rs9968236,17624985,0.939896,G,C
cg18148179,20632356,rs9833316,20632264,0.733427,A,G
cg07135614,21622343,rs185033605,21622300,0.887181,A,G
cg20517764,21763470,rs13314718,21763811,0.579473,T,C
cg06600444,22677484,rs34726607,22677178,0.829073,A,T
cg13730859,24602369,rs9310745,24601910,0.708666,C,T
cg04948892,25616378,rs55801354,25616251,0.837859,G,A
cg03387092,29656467,rs7647230,29656686,0.672724,A,G
cg15106134,30651433,rs6798752,30651545,0.965256,A,C
cg17246404,33775311,rs112009136,33775019,0.738019,G,A
cg12843448,36708374,rs28587472,36708383,0.801917,A,T
cg21755440,41764485,rs59871868,41764158,0.974840,A,G
cg04397547,42613480,rs2136012,42613277,0.542532,T,A
cg21527078,42730477,rs339701,42730647,0.827077,C,G
cg07736012,43765334,rs1468601,43764967,0.860423,A,G
cg04894169,46717472,rs4683269,46717491,0.699281,C,G
cg03783410,47618424,rs61732079,47618824,0.986504,A,C
cg01005486,49765459,rs2307021,49765482,0.790535,C,G
cg16768018,50604305,rs55852678,50604683,0.964257,G,A
cg22256631,50724361,rs6446209,50723958,0.979034,T,G
cg23231268,52636404,rs57757646,52636807,0.924920,C,T
cg08062338,52739303,rs8906,52739519,0.695288,T,C
cg00892742,55664302,rs7615339,55664448,0.577676,G,A
cg18337363,55671484,rs9852175,55671042,0.717452,T,G
cg24782772,55698443,rs11705985,55698175,0.524561,T,C
cg04539418,56799419,rs77425500,56798946,0.957867,G,A
cg02213103,57713369,rs7609911,57713359,0.532348,A,C
cg19258425,62668413,rs1395444,62668328,0.831070,T,G
cg13294849,64710306,rs13060013,64710708,0.760982,C,A
cg14750948,65625466,rs4369976,65625475,0.852436,A,G
cg07403865,65765328,rs264114,65765280,0.639577,A,G
cg00195796,65809490,rs4688248,65809215,0.501797,C,A
cg12393503,66687416,rs146983397,66687321,0.969449,C,A
cg23550947,68721481,rs76361879,68721849,0.950280,C,T
cg24504954,69760378,rs12491686,69760189,0.645367,A,G
cg10506618,70600392,rs71298345,70600379,0.890974,T,C
cg02573703,73660490,rs4677314,73660068,0.587460,A,G
cg12293340,11638403,rs1860293,11637942,0.543331,G,A
cg24522384,11704479,rs6448813,11704438,0.508387,G,A
cg03463729,13667334,rs148323849,13667309,0.989417,A,C
cg09796800,15605429,rs28778886,15604955,0.985623,A,G
cg07808087,17712384,rs13131947,17712783,0.637979,T,C
cg05752653,20644499,rs34354707,20644381,0.722644,C,G
cg00614959,22666415,rs6841197,22666054,0.910942,G,A
cg20106601,22789429,rs61794902,22788995,0.880391,T,C
cg00292701,23737498,rs13120568,23737796,0.604034,A,G
cg15092343,24699391,rs6814308,24699187,0.513379,A,G
cg03099832,27687312,rs445891,27687041,0.781749,T,A
cg08206098,29625353,rs16882014,29625597,0.987220,G,T
cg15646359,29649329,rs16882044,29649571,0.709265,C,T
cg06758191,30630472,rs767478,30630381,0.772165,G,A
cg10818901,35660435,rs6818776,35660015,0.737420,A,C
cg10852876,36715455,rs564328509,36715812,0.910743,T,C
cg27251155,37707300,rs13115041,37707374,0.566893,C,T
cg15063695,39657492,rs10856848,39657291,0.627196,C,T
cg19563433,41801493,rs1898886,41801818,0.563299,C,A
cg10128806,42727504,rs2575566,42727693,0.778155,A,G
cg21097698,58793318,rs1480303,58792892,0.700679,A,G
cg09190824,61750366,rs62313282,61750402,0.940296,C,T
cg07080556,62735369,rs6822962,62735585,0.978634,G,A
cg03872804,65667376,rs141162049,65667150,0.984824,C,G
cg13078134,65732359,rs10025506,65731864,0.974641,T,G
cg09921821,67713363,rs1495113,67713014,0.782149,C,G
cg26010218,73785400,rs9647419,73785724,0.906949,T,C
cg16653901,23808414,rs11738030,23808435,0.872005,G,T
cg04305319,24717440,rs751110,24717043,0.653954,G,A
cg05141014,25782414,rs2928269,25782550,0.588095,T,C
cg05839875,26631401,rs73063941,26631207,0.942891,G,A
cg11552829,26688311,rs17791886,26688051,0.864018,T,G
cg24698211,27643334,rs9688278,27643022,0.972244,A,T
cg07485723,30687452,rs76558154,30687193,0.911941,C,A
cg11087755,33799356,rs2032878,33799698,0.828474,T,G
cg22913584,34775347,rs164309,34775715,0.549720,C,A
cg18701481,41768364,rs10038001,41768116,0.979633,G,A
cg07274716,43626347,rs116710374,43626791,0.983626,C,T
cg04541368,43752371,rs35842681,43752053,0.864816,G,A
cg23194776,49703318,rs7712849,49703607,0.570487,G,C
cg21230774,53660305,rs2194235,53659957,0.606430,G,A
cg26783481,58743478,rs73760305,58743500,0.972843,C,G
cg07848310,62605492,rs72760756,62605605,0.791933,C,T
cg21131054,64724392,rs10940033,64724255,0.798922,T,A
cg21545862,65631316,rs28575626,65631172,0.733826,C,G
cg03204906,73685438,rs10454913,73685102,0.541933,G,T
cg06276084,11702432,rs7750635,11701972,0.669529,C,T
cg03500965,15802444,rs6914658,15802465,0.548522,C,T
cg06047130,17694404,rs12333111,17694841,0.966254,C,T
cg17959970,18644397,rs4052790,18644654,0.737220,T,C
cg02956248,18652488,rs80003437,18652817,0.972244,A,G
cg06025456,19714463,rs73729713,19714803,0.979034,G,T
cg26864905,21735309,rs12528487,21735353,0.828075,A,G
cg17279592,22620406,rs190229320,22620527,0.771965,T,C
cg10666224,24732399,rs12210369,24732436,0.917532,G,A
cg00391945,25674469,rs7755903,25674918,0.528954,A,G
cg24504194,27661477,rs67478198,27661125,0.648762,C,T
cg18235835,28608387,rs34470113,28607994,0.853235,C,T
cg09114581,28798321,rs9357073,28798609,0.625200,T,C
cg01923549,30667507,rs150016503,30667350,0.953874,C,G
cg08887400,30695318,rs76451048,30695135,0.905351,G,A
cg03181300,32633481,rs28746832,32633815,0.513379,C,G
cg07184578,33730302,rs1887340,33730094,0.717851,C,T
cg20463403,34672469,rs147337606,34672008,0.988219,G,A
cg06010667,35692322,rs9462106,35692641,0.939896,G,A
cg09081892,41632429,rs2395784,41632873,0.761382,T,C
cg23359665,41706430,rs372966315,41705966,0.781949,T,C
cg13934406,41757356,rs8393,41757835,0.605631,C,G
cg23055552,41795459,rs12192677,41795330,0.791334,G,A
cg05664039,42804414,rs150968104,42804826,0.983427,C,T
cg27176628,43634447,rs112997299,43634723,0.984225,G,T
cg00500167,48659396,rs200756226,48659874,0.978834,A,C
cg14625425,48731481,rs77264283,48731124,0.973243,T,G
cg26725201,49620379,rs13194498,49620572,0.781550,T,C
cg25007487,50642441,rs78212069,50642375,0.980631,T,C
cg11515873,51751343,rs7765493,51751334,0.538538,G,A
cg26393261,54747421,rs56667985,54747600,0.883786,A,G
cg09059466,62762406,rs9354587,62762755,0.680312,C,T
cg27475365,62769372,rs72884495,62768874,0.797324,C,T
cg10439246,65623462,rs79482367,65623180,0.934704,T,C
cg03475293,65703412,rs28583858,65703090,0.927117,A,G
cg09622691,66781383,rs6934707,66781279,0.815296,T,A
cg24520538,67608349,rs6455164,67608249,0.787340,T,A
cg12883279,68661402,rs9363830,68661363,0.929912,C,T
cg09996902,69803464,rs6913677,69803461,0.553315,G,A
cg13647536,10777340,rs4720897,10777086,0.527756,T,C
cg23091699,14707464,rs7801612,14707724,0.854034,G,A
cg03914913,15788393,rs37423,15788240,0.655152,G,A
cg01082798,18642503,rs2157847,18642018,0.883986,G,A
cg01640506,20656383,rs7809674,20656053,0.691693,G,A
cg05898482,29638451,rs7782330,29638433,0.920927,G,A
cg00241650,30727415,rs255098,30727326,0.603834,G,A
cg14155567,30765455,rs255158,30765052,0.571685,G,C
cg07738938,31660324,rs38343,31660041,0.811502,C,G
cg02593098,31727499,rs34161,31727748,0.559704,A,G
cg20269046,33757366,rs6943676,33756994,0.780152,C,G
cg17390350,35744504,rs17171719,35744470,0.806510,T,C
cg17052310,40672377,rs11977013,40672688,0.745208,T,C
cg24540732,44711457,rs9969123,44711677,0.768570,A,T
cg08627377,45607451,rs74504498,45607609,0.965455,C,T
cg05711445,45624325,rs7456393,45624448,0.500998,G,A
cg01386335,47639407,rs76547138,47639703,0.963858,G,A
cg05057910,50625316,rs2329342,50624970,0.653954,G,A
cg14840782,51631451,rs10266155,51631275,0.804513,A,C
cg13788918,52675305,rs28495645,52675023,0.894968,C,T
cg27101452,52675494,rs79710684,52675971,0.984225,G,A
cg17543469,54743431,rs642018,54743609,0.642173,A,C
cg12855247,55659337,rs67579125,55659263,0.814497,T,C
cg03232620,56772434,rs2002214,56772747,0.716653,C,A
cg10063233,67795423,rs3113068,67795864,0.601238,C,T
cg09613507,70629394,rs1014092,70629586,0.808107,A,T
cg16100845,15625322,rs2721230,15624842,0.622005,A,G
cg26763284,26764454,rs1600790,26764946,0.535543,A,C
cg11692435,27687393,rs12335133,27687605,0.776158,A,G
cg06045337,30693334,rs2720597,30693015,0.603235,G,C
cg09265054,31742411,rs76778267,31742754,0.987021,A,G
cg14551938,32810451,rs11997835,32810636,0.982827,A,G
cg07472191,40748310,rs28650143,40748093,0.865815,C,T
cg10007002,43684404,rs10958778,43683985,0.735423,C,T
cg09946832,47620329,rs7013842,47620719,0.964657,A,G
cg27626141,47633493,rs11778610,47633424,0.527756,G,A
cg02185053,49640424,rs73678188,49639944,0.985623,A,C
cg06285312,51735444,rs13257006,51735917,0.528554,G,A
cg08274876,51809402,rs16915583,51809094,0.567692,T,C
cg02903822,58760435,rs10104466,58760143,0.652157,C,T
cg07861448,64661397,rs7834364,64661526,0.849441,G,A
cg14938514,64705392,rs16930666,64705757,0.691494,C,T
cg19021985,68622395,rs58967460,68622504,0.661941,T,C
cg23982568,72665381,rs4132899,72665385,0.605831,A,C
cg14654324,27802313,rs10968117,27802429,0.752196,T,C
cg21215550,31675388,rs7864110,31675253,0.619209,T,C
cg15083233,37757309,rs7874198,37756832,0.837859,A,G
cg13867669,74621416,rs12682751,74621567,0.880990,C,T
cg14015656,74622411,rs10120981,74622852,0.647963,G,A
cg14083800,11746384,rs56309919,11746273,0.683506,C,G
cg07128799,12764356,rs58429204,12764369,0.918730,A,G
cg16828585,13766343,rs2015015,13766691,0.610823,G,A
cg10331073,16738344,rs10904792,16738161,0.553714,C,G
cg17320707,18699395,rs7075571,18699403,0.765974,G,C
cg16234557,19770467,rs3852459,19770715,0.912740,A,G
cg25888386,22788500,rs57074189,22788159,0.866414,C,T
cg19546792,27738377,rs115699275,27738380,0.984225,G,A
cg02939598,44691372,rs1627329,44691632,0.646765,T,C
cg25139229,45695465,rs6593463,45695627,0.537340,G,A
cg18561589,49652382,rs7089077,49652372,0.880391,G,A
cg24933115,55754415,rs2253790,55754258,0.528954,G,T
cg04426802,60716463,rs282666,60716074,0.985423,T,C
cg18093771,66795352,rs6480025,66794877,0.720048,G,C
cg15526081,67666482,rs10740214,67666581,0.513778,A,G
cg16936421,71731399,rs71480625,71731128,0.852037,C,T
cg18085627,10706374,rs11042918,10706800,0.616414,A,C
cg09555414,11715501,rs7950263,11715554,0.955871,T,C
cg00061629,11743340,rs73421660,11743453,0.971645,C,T
cg12036817,12623343,rs12226830,12623197,0.668730,T,G
cg09304136,12767328,rs61612229,12767016,0.980631,A,G
cg27452185,15661439,rs116062928,15661504,0.985823,G,A
cg26503877,19643403,rs11025200,19643027,0.644369,G,A
cg14088196,20630364,rs4923387,20630384,0.889976,C,T
cg12641569,20633426,rs77593740,20633056,0.904952,A,G
cg25574765,21601356,rs1945563,21601429,0.645168,T,C
cg11588197,24681465,rs3923615,24681531,0.500399,G,A
cg19811337,31680450,rs6484525,31680754,0.981230,T,A
cg05403469,32794450,rs115981114,32794213,0.980631,A,C
cg10925417,37758463,rs1515038,37758392,0.737819,A,G
cg06419846,40649319,rs61886761,40648825,0.602236,C,A
cg10817615,42624385,rs10742634,42623992,0.555911,G,A
cg19160040,45753356,rs78988410,45753561,0.954673,G,T
cg13705616,50632304,rs1895000,50632117,0.573882,G,A
cg23053918,58694423,rs57549228,58694746,0.954273,C,T
cg26272058,61706398,rs4963277,61706337,0.585463,C,T
cg03711944,64727509,rs17146508,64727086,0.959465,C,T
cg04021962,69618508,rs74465038,69618152,0.911142,A,G
cg02513449,73772434,rs4537786,73772772,0.820088,T,C
cg02675260,74771348,rs11600328,74771375,0.724641,G,T
cg19657723,11642360,rs11054318,11642575,0.867412,T,C
cg06830450,11698358,rs7960374,11698085,0.748003,C,G
cg25721452,13728401,rs990824,13727940,0.831470,A,G
cg26695123,14640346,rs11055996,14640476,0.687899,T,C
cg04105511,14717414,rs17405109,14717402,0.815296,A,C
cg08072862,18681311,rs7315933,18680868,0.965455,C,T
cg22933161,20617357,rs80016165,20617383,0.852436,A,C
cg15235614,22795329,rs73080480,22795031,0.934305,G,T
cg00723994,23621320,rs141187355,23621035,0.984225,G,A
cg08425810,28630383,rs150571910,28630547,0.843650,G,A
cg04704531,33661310,rs149781750,33661223,0.963858,G,T
cg17509039,39743395,rs61374155,39742950,0.985224,C,T
cg14430937,43622431,rs11181953,43621997,0.606230,G,A
cg19540943,46810303,rs13377959,46810540,0.882388,C,T
cg00012529,49790414,rs79945474,49790895,0.916933,T,G
cg15476885,51636447,rs1130598,51636903,0.539936,G,C
cg20323175,52715355,rs1540094,52715814,0.672724,A,T
cg05770241,56788442,rs143157509,56788116,0.980232,A,G
cg03078269,58797503,rs11172590,58797029,0.670128,G,A
cg06928346,67727300,rs1184743,67726935,0.536342,A,T
cg14691529,67736490,rs1500431,67736912,0.587260,G,A
cg02543772,70635313,rs11178156,70635746,0.550319,A,G
cg02520593,74763484,rs12824952,74763669,0.841054,G,A
cg19937061,31777487,rs9805861,31777536,0.675919,A,G
cg14710025,33736325,rs9568962,33736050,0.726238,T,A
cg24515054,33789321,rs7327456,33789144,0.789337,C,T
cg10527300,44634466,rs7322539,44634263,0.916933,A,G
cg08426940,54717380,rs2576136,54717554,0.875998,G,A
cg18973457,56791418,rs115120479,56791117,0.987021,T,C
cg07804973,57758408,rs4884278,57758184,0.526158,G,T
cg13686648,58653502,rs9537938,58653694,0.580272,G,A
cg16928293,65641503,rs9528887,65641440,0.895567,C,T
cg14699932,73742414,rs560391629,73742044,0.986222,A,T
cg26070281,24661447,rs2281704,24661705,0.729034,T,A
cg18844144,39728405,rs11621264,39728207,0.703474,A,G
cg01987417,46803329,rs2415955,46803674,0.609824,C,T
cg04180929,50706311,rs2180249,50705905,0.659145,G,A
cg15403660,53621418,rs996264,53621206,0.750200,G,C
cg07023532,55757313,rs67386901,55757363,0.724042,C,T
cg02719245,56692500,rs3783674,56692317,0.622005,A,G
cg26175287,56734374,rs71414112,56734315,0.792133,C,G
cg10117831,56758433,rs117658249,56758354,0.933307,T,C
cg15443535,57788406,rs76213068,57788180,0.942292,G,A
cg09988663,58602398,rs8013760,58601911,0.806110,C,T
cg12060499,63669432,rs1957779,63669646,0.502995,A,C
cg16425038,72783342,rs146099570,72783299,0.981030,T,C
cg19901523,73650344,rs55657666,73649865,0.987819,C,T
cg22365276,20771386,rs554118666,20771608,0.936901,T,C
cg05913925,28696486,rs199983538,28696379,0.932708,G,A
cg05346688,33649417,rs11072413,33649096,0.823882,G,A
cg24211976,36666358,rs73384840,36666736,0.884784,G,A
cg15902390,40710403,rs2075624,40710722,0.642173,G,A
cg23068558,49741395,rs74012379,49741776,0.975439,T,A
cg09498379,70666497,rs11072161,70666281,0.506589,A,G
cg26708220,74775318,rs75953598,74775683,0.967652,C,T
cg06925882,10610368,rs4780932,10610796,0.541733,C,G
cg02218809,11633380,rs12596176,11633745,0.590455,G,A
cg06797385,12740408,rs1713487,12740669,0.530551,C,G
cg16729538,13664428,rs8056758,13664897,0.883387,C,T
cg04311557,13742414,rs35807965,13742303,0.723043,C,T
cg06984848,14732326,rs8057764,14732177,0.963059,C,T
cg03847052,17745305,rs13336156,17744886,0.976637,T,C
cg08347500,19680349,rs2354582,19680035,0.588259,T,C
cg09611472,22791343,rs7191822,22791671,0.546526,G,A
cg04821387,26669439,rs111689221,26669615,0.966653,T,C
cg09854734,29641478,rs57883741,29641720,0.673722,G,A
cg00767000,31664403,rs56247978,31664269,0.960264,A,G
cg02519504,31701403,rs9831777,31701275,0.526957,T,A
cg06552563,33727398,rs140640451,33727184,0.917532,G,A
cg09201525,49789499,rs6500252,49789854,0.544529,G,A
cg01834160,51754357,rs78025473,51753988,0.870008,C,A
cg16665866,53766316,rs7197110,53765960,0.766573,T,A
cg04742550,53784378,rs142908700,53784520,0.978634,C,T
cg01295631,58668397,rs149428,58668565,0.822883,G,A
cg07762788,58784473,rs1646280,58784323,0.679912,G,A
cg27513886,59787507,rs74020084,59787727,0.924720,C,T
cg01544903,65737423,rs7186160,65737242,0.577676,T,C
cg09851951,71797445,rs8052152,71796990,0.983826,C,T
cg00525828,73696304,rs60022731,73695871,0.897963,G,T
cg11310756,13723336,rs9890134,13723364,0.685903,G,A
cg15189997,18800507,rs4924940,18800091,0.535942,T,C
cg13484608,20602304,rs8065015,20602148,0.888379,C,T
cg15082751,20740503,rs2958460,20740630,0.503994,C,A
cg17189020,28801305,rs6505189,28801075,0.678714,A,G
cg08880849,31601315,rs1874601,31601538,0.606829,A,C
cg00034650,31604367,rs12600930,31603908,0.831869,G,A
cg17129028,32683352,rs3136676,32683288,0.896765,A,G
cg15936999,36704481,rs78891234,36704411,0.888978,C,T
cg06436663,36732300,rs59844294,36732566,0.905351,C,T
cg04832268,41686302,rs113332051,41685837,0.970847,A,G
cg01449704,41779357,rs139973896,41779448,0.989018,C,T
cg15670680,41806401,rs6503473,41806150,0.952875,G,A
cg06475633,43770382,rs7207373,43770711,0.738019,C,T
cg05395061,52632382,rs1346670,52632486,0.829473,G,C
cg13341982,57618463,rs9893638,57618150,0.565695,T,C
cg02491199,57627503,rs12325879,57627785,0.630192,T,C
cg03363567,58741311,rs73990937,58741271,0.946685,A,T
cg25616160,61732345,rs73337598,61732575,0.698283,T,C
cg18229049,63775451,rs10083837,63775310,0.598043,C,G
cg11525047,73634384,rs820201,73634686,0.624401,G,A
cg07135478,73701364,rs820231,73701097,0.981629,A,C
cg17552357,74605461,rs2532434,74605196,0.582069,C,A
cg16317961,13600420,rs55826442,13600236,0.954673,T,G
cg17104099,18644467,rs11877741,18644774,0.961462,C,T
cg24684816,24635341,rs113385411,24634877,0.960264,A,G
cg19022006,25657302,rs17446316,25657625,0.669529,A,G
cg17242353,31752308,rs9956360,31751984,0.529353,C,G
cg11862144,49673343,rs12969976,49673150,0.951278,G,T
cg05678191,53648493,rs2588473,53648076,0.929513,A,G
cg00381974,71768441,rs150948933,71768011,0.909345,C,T
cg15487992,11672338,rs543765665,11672610,0.894369,C,T
cg22079102,13600402,rs13346252,13600314,0.615815,C,G
cg11369662,15801300,rs4109350,15800920,0.764976,G,C
cg19008720,17767361,rs34752754,17766899,0.641780,C,T
cg22022973,19669309,rs8109618,19668915,0.702676,G,A
cg20735914,20606403,rs35244568,20606656,0.563698,T,C
cg14895945,22790371,rs2306964,22790858,0.631390,A,G
cg21002957,27765441,rs146869518,27765930,0.958666,G,C
cg26918756,29779320,rs114377659,29779675,0.980232,A,G
cg02384543,38675345,rs139108933,38675692,0.957668,C,G
cg09325679,38727324,rs4803899,38727639,0.705671,A,T
cg00522555,40612322,rs62110063,40612001,0.968650,T,A
cg10204707,43643350,rs2078350,43643377,0.762580,A,T
cg05639624,44778471,rs1233428,44778404,0.714771,A,C
cg01382281,48721327,rs1064791,48721468,0.620008,T,A
cg27029238,50746365,rs149624280,50746640,0.987021,C,T
cg12176815,52626455,rs11084145,52626711,0.836462,G,A
cg08846870,52782324,rs28852381,52781861,0.851438,G,A
cg08337835,59629411,rs7268601,59629171,0.596845,T,A
